driver.0;Bronislaw E.
driver.1;Ian P.
driver.2;Cameron S.
driver.3;Richard O.
driver.4;Manuel J.
driver.5;Henry K.
driver.6;Brandon L.
driver.7;Ludovic S.
driver.8;John M.
driver.9;Bob S.
driver.10;+Sophie I.
driver.11;+Katie W.
driver.12;+Georgia A.
driver.13;+Sabrina C.
driver.14;+Melanie Q.
driver.15;+Emily Z.
driver.16;+Scarlett J.
driver.17;Michal V.
driver.18;+Tina T.
driver.19;+Marianne G.
driver.20;+Reece S.
driver.21;+Brigit J.
driver.22;Andreas A.
driver.23;+Lucy L.
driver.24;+Ruth T.
driver.25;Jacek V.
driver.26;Jay Z.
driver.27;Brian F.
driver.28;Boris B.
driver.29;Milton P.
driver.30;Ben S.
driver.31;Maximilian T.
driver.32;Sebastian M.
driver.33;Tobias G.
driver.34;Ethan C.
driver.35;Matthew P.
driver.36;William J.
driver.37;Joshua T.
driver.38;Jordan A.
driver.39;Ray B.
driver.40;Dominic Q.
driver.41;Mateusz U.
driver.42;Jan Ch.
driver.43;Robert L.
driver.44;Leon R.
driver.45;Toby T.
driver.46;Umberto E.
driver.47;Ronald R.
driver.48;Angelo M.
driver.49;Kenneth F.
driver.50;Ralf W.
driver.51;Jeff B.
driver.52;Baldur G.
driver.53;Gregory P.
driver.54;Pascal B.
driver.55;Chris A.
driver.56;Lucas G.
driver.57;Tim D.
driver.58;Phillip M.
driver.59;George W.
driver.60;Arnold S.
driver.61;Daniel D.
driver.62;Marcel A.
driver.63;Bastiaan K.
driver.64;Joseph S.
driver.65;Sam B.
driver.66;Ulf G.
driver.67;Valentino R.
driver.68;Patrick S.
driver.69;Julian C.
driver.70;Ellis W.
driver.71;Josh T.
driver.72;Will Y.
driver.73;Christian I.
driver.74;Harry P.
driver.75;Pierre B.
driver.76;Garry O.
driver.77;Felix S.
driver.78;Luca B.
driver.79;Etienne J.
driver.80;Alexander M.
driver.81;Lewis J.
driver.82;Steve W.
driver.83;Eduard S.
driver.84;Enzo F.
driver.85;Ryan R.
driver.86;Yusuf B.
driver.87;Jean R.
driver.88;Jan K.
driver.89;Jiri W.
driver.90;Pavel S.
driver.91;Jaroslaw W.
driver.92;Martin C.
driver.93;Petr V.
driver.94;Marek L.
driver.95;Thomas J.
driver.96;Vaclav M.
driver.97;Maarten O.
driver.98;+Yvonne P.
driver.99;Martin F.
driver.100;Jiri D.
driver.101;Max M.
driver.102;Irenej S.
driver.103;Branko J.
driver.104;Ludek H.
driver.105;Bujo U.
driver.106;+Katarina B.
driver.107;Samuel L.
driver.108;Filipe C.
driver.109;John D.
driver.110;+Monica H.
driver.111;+Stefany G.
driver.112;+Iwona B.
driver.113;+Suzan V.
driver.114;+Ulrike H.
driver.115;Maros R.
driver.116;+Jenevive Q.
driver.117;+Madison G.
driver.118;Rafael B.
driver.119;Istvan D.
driver.120;Janos B.
driver.121;Tomas D.
driver.122;Simon L.
driver.123;Pepe F.
driver.124;Leszek S.
driver.125;Jakub E.
driver.126;Kazimierz V.
driver.127;Arthur R.
driver.128;Honza A.
driver.129;Juraj H.
driver.130;Jano K.
driver.131;Daniel D.
driver.132;Hynek S.
driver.133;Peter V.
driver.134;Marian B.
driver.135;+Anna K.
driver.136;+Katalin A.
driver.137;+Orsolya T.
driver.138;+Hanka K.
driver.139;+Saskia Z.
driver.140;+Natalia P.
driver.141;+Rozarka F.
driver.142;+Izabella M.
driver.143;+Gertruda S.
driver.144;+Halina P.
driver.145;+Irena K.
driver.146;+Eorsebeth D.
driver.147;+Jana S.
driver.148;+Maria M.
driver.149;+Lenka F.
driver.150;+Sara H.
driver.151;+Patricia Y.
driver.152;+Simone M.
driver.153;M. T. Cougar
driver.154;Lucas O.
driver.155;Peter L.
driver.156;Magnus M.
driver.157;Patrik R.
driver.158;Mads O.
driver.159;Horst R.
driver.160;Viktor A.
driver.161;Martin P.
driver.162;Ondrej D.
driver.163;Marek A.
driver.164;Martin M.
driver.165;Piotr L.
driver.166;Noah Y.
driver.167;Alvin Ch.
driver.168;Jiri P.
driver.169;Tomas P.
driver.170;Harald T.
driver.171;+Ida K.
driver.172;+Maja V.
driver.173;+Karla S.
driver.174;+Karin D.
driver.175;+Eva S.
driver.176;+Mille R.
driver.177;+Emilie S.
driver.178;+Alice C.
driver.179;+Ella F.
driver.180;+Molly M.
driver.181;+Wilma F.
driver.182;+Emma W.
driver.183;+Alva V.
driver.184;+Agnes D.
driver.185;+Freja I.
driver.186;+Lilly A.
driver.187;+Stella Z.
driver.188;+Astrid L.
driver.189;+Else S.
driver.190;+Grete G.
driver.191;Milos Z.
driver.192;Marek T.
driver.193;Karel M.
driver.194;Nils B.
driver.195;Eirik S.
driver.196;Kristoffer B.
driver.197;Edgar D.
driver.198;Mathias B.
driver.199;Patrik S.
driver.200;Malcolm Y.
driver.201;+Naomi C.
driver.202;+Kim I.
driver.203;+Mimmi M.
driver.204;+Martina N.
driver.205;Ondrej M.
driver.206;Bartozs M.
driver.207;Jakub A.
driver.208;Lukasz B.
driver.209;Jocke H.
driver.210;Marcus E.
driver.211;Lennart M.
driver.212;Johan H.
driver.213;Grzegorz K.
driver.214;Michal R.
driver.215;Darko S.
driver.216;Peter P.
driver.217;Tomas N.
driver.218;Robo P.
driver.219;Petr P.
driver.220;Michal Ch.
driver.221;+Alicia L.
driver.222;Nikola K.
driver.223;Adrian T.
driver.224;Flemming V.
driver.225;Paul F.
driver.226;Arek L.
driver.227;Cory E.
driver.228;Joseph B.
driver.229;Robert H.
driver.230;Philip C.
driver.231;Carl S.
driver.232;Mark L.
driver.233;Jacques C.
driver.234;Jack R.
driver.235;Malcolm B.
driver.236;Dominik L.
driver.237;Petr M.
driver.238;Vasyl P.
driver.239;Daniel O.
driver.240;Jano O.
driver.241;Eryk D.
driver.242;Ivan L.
driver.243;Bob B.
driver.244;Donald T.
driver.245;Jean M.
driver.246;Ahmed M.
driver.247;+Žaneta Č.
driver.248;Danny N.
driver.249;Karel S.
driver.250;Corey T.
driver.251;Paul M.
driver.252;Philippe R.
driver.253;Richard B.
driver.254;+Jana K.
driver.255;+Jessica L.
driver.256;Umut A.
driver.257;Andrew H.
driver.258;Miroslav Z.
driver.259;Lucas V.
driver.260;David M.
driver.261;Pedro A.
driver.262;Rafal S.
driver.263;Woitke H.
driver.264;Roel Z.
driver.265;Thomas K.
driver.266;Vogtke H.
driver.267;Peter S.
driver.268;Yaroslav D.
driver.269;Maarten O.
driver.270;Joseph S.
driver.271;Luc P.
driver.272;Thomas D.
driver.273;Nicolaj N.
driver.274;Thomas O.
driver.275;Paul K.
driver.276;Adalbert S.
driver.277;Filip N.
driver.278;Filip P.
driver.279;Thomas V.
driver.280;George S.
driver.281;Michal K.
driver.282;Rajko J.
driver.283;Lucas P.
driver.284;Humphrey S.
driver.285;Denyel F.
driver.286;Laurence D.
driver.287;Clark P.
driver.288;Sidney I.
driver.289;Spencer T.
driver.290;+Christine S.
driver.291;+Romana H.
driver.292;+Anette P.
driver.293;+Petra J.
driver.294;+Elisabeth V.
driver.295;+Michaela J.
driver.296;+Ilona M.
driver.297;+Simona F.
driver.298;+Veronica B.
driver.299;+Kristina R.
driver.300;+Lien H.
driver.301;+Linda V.
driver.302;+Jennifer B.
driver.303;+Bettz R.
driver.304;+Ruth C.
driver.305;+Amy G.
driver.306;Selçuk I.
driver.307;Dominic F.
driver.308;David H.
driver.309;Jan Š.
driver.310;George D.
driver.311;Jose H.
driver.312;Maksim B.
driver.313;Mariano B.
driver.314;Marty C.
driver.315;Martin P.
driver.316;Martin V.
driver.317;+Michaela J.
driver.318;Patrick R.
driver.319;Vladimir R.
driver.320;Michal S.
driver.321;Daniel V.
driver.322;Adam S.
driver.323;Dave N.
driver.324;Adam F.
driver.325;Vlad H.
driver.326;Jerzy D.
driver.327;Jason M.
driver.328;+Ellie O.
driver.329;+Cathy C.
driver.330;+Rebecca F.
driver.331;Dirk H.
driver.332;Dave V.
driver.333;Torey L.W.
driver.334;Faelandaea D.
driver.335;Andrei T.
driver.336;Benjamin McG.
driver.337;Robert C.
driver.338;Myanko G.
driver.339;Edilberto M.
driver.340;Ricky S.